XP,YP,Int_im_1,Int_im_2,Int_im_3,Int_im_4,Int_im_5,Int_im_6,Int_im_7,Int_im_8,Int_im_9,Int_im_10,Int_im_11,Int_im_12,Int_im_13,Int_im_14,Int_im_15,Int_im_16,Int_im_17,Int_im_18,Int_im_19,Int_im_20,Int_im_21,Int_im_22,Int_im_23,Int_im_24,Int_im_25,Int_im_26,Int_im_27,Int_im_28,Int_im_29,Int_im_30,Int_im_31,Int_im_32,Int_im_33,Int_im_34,Int_im_35,Int_im_36,Int_im_37,Int_im_38,Int_im_39,Int_im_40,Int_im_41,Int_im_42,Int_im_43,Int_im_44,Int_im_45,Int_im_46,Int_im_47,Int_im_48,Int_im_49,Int_im_50,Int_im_51,Int_im_52,Int_im_53,Int_im_54,Int_im_55,Int_im_56,Int_im_57,Int_im_58,Int_im_59,Int_im_60,Int_im_61,Int_im_62,Int_im_63,Int_im_64,Int_im_65,Int_im_66,Int_im_67,Int_im_68,Int_im_69,Int_im_70,Int_im_71,Int_im_72,Int_im_73,Int_im_74,Int_im_75,Int_im_76,Int_im_77,Int_im_78,Int_im_79,Int_im_80,Int_im_81,Int_im_82,Int_im_83,Int_im_84,Int_im_85,Int_im_86,Int_im_87,Int_im_88,Int_im_89,Int_im_90,Int_im_91,Int_im_92,Int_im_93,Int_im_94,Int_im_95,Int_im_96,Int_im_97,Int_im_98,Int_im_99,Int_im_100
138,23,164,169,167,162,192,179,196,194,149,178,183,179,160,174,166,144,181,153,193,159,159,166,165,163,178,166,171,195,162,181,157,159,166,139,191,171,172,171,146,164,136,154,145,161,174,151,166,167,163,152,183,164,183,156,142,184,164,161,180,181,171,183,152,168,178,175,169,172,170,161,187,163,182,187,166,169,176,142,167,165,166,151,173,177,169,150,158,175,153,162,165,169,163,144,152,153,168,160,181,183
159,45,165,195,176,168,168,180,169,180,181,165,169,172,175,162,178,187,189,176,155,170,190,189,168,164,185,194,160,177,173,159,171,196,165,174,170,180,195,167,181,183,192,195,160,165,191,175,151,177,173,177,178,180,195,181,210,152,189,189,154,146,177,178,185,172,203,195,176,176,154,182,215,181,173,180,173,173,192,182,201,163,166,159,164,159,195,185,160,183,154,172,163,163,197,173,201,158,168,190,185,171
185,29,451,478,405,465,430,463,485,521,454,440,448,419,445,491,408,483,481,416,487,430,459,416,421,574,482,501,516,516,434,432,470,464,434,467,439,457,477,488,480,504,452,484,454,506,430,411,450,433,393,435,515,461,451,446,558,481,505,402,456,446,447,436,439,449,426,443,445,490,492,444,426,500,438,446,468,453,428,410,440,481,506,463,465,392,429,464,477,459,458,419,419,482,443,415,461,444,412,467,453,434
213,1003,303,304,327,326,319,325,306,319,312,336,327,327,315,311,324,314,281,269,327,290,305,335,328,340,299,308,324,314,344,347,344,310,322,326,306,316,308,334,329,310,332,312,310,298,320,313,267,302,297,298,320,337,319,330,286,302,322,326,307,271,324,339,328,305,330,325,297,335,317,315,300,328,312,320,328,295,321,313,319,293,313,342,310,318,315,283,278,335,338,312,325,352,297,297,317,295,307,325,317,296
340,34,214,191,226,198,231,228,246,209,230,233,228,227,229,250,209,213,218,231,228,218,251,238,219,229,212,216,216,209,207,207,231,210,229,243,263,210,228,233,206,209,232,223,221,215,209,233,219,200,198,238,213,209,188,236,217,225,218,201,221,214,216,232,203,212,221,232,246,209,223,217,216,225,216,251,222,215,229,255,205,217,220,206,218,212,216,226,239,218,234,265,275,214,218,243,217,241,224,233,236,234
718,869,1522,1553,1544,1558,1559,1543,1531,1506,1540,1560,1609,1540,1545,1520,1623,1567,1590,1547,1573,1539,1587,1566,1554,1533,1493,1591,1491,1541,1580,1465,1540,1558,1545,1520,1500,1541,1593,1491,1612,1528,1598,1534,1626,1603,1546,1559,1528,1508,1483,1507,1572,1562,1632,1543,1515,1518,1590,1564,1599,1560,1542,1578,1528,1538,1515,1571,1513,1517,1499,1537,1534,1498,1523,1462,1559,1552,1525,1551,1549,1553,1546,1518,1527,1490,1452,1577,1507,1594,1537,1572,1513,1563,1529,1503,1559,1534,1568,1566,1514,1588
723,1164,1538,1615,1626,1610,1681,1550,1600,1640,1545,1611,1566,1566,1628,1602,1587,1637,1554,1551,1577,1573,1584,1571,1594,1613,1648,1589,1609,1706,1620,1643,1569,1616,1629,1551,1520,1573,1659,1572,1608,1601,1581,1609,1580,1573,1602,1563,1596,1569,1640,1597,1609,1590,1504,1600,1620,1557,1607,1600,1625,1605,1565,1565,1555,1591,1566,1603,1578,1575,1639,1563,1609,1646,1636,1646,1602,1615,1664,1670,1593,1515,1674,1539,1594,1688,1604,1633,1647,1588,1615,1577,1639,1636,1572,1667,1594,1505,1680,1602,1537,1608
735,1612,1624,1646,1538,1650,1670,1624,1609,1641,1675,1570,1606,1690,1610,1612,1579,1632,1658,1671,1687,1644,1623,1627,1585,1662,1603,1559,1697,1644,1611,1648,1598,1628,1669,1646,1622,1703,1613,1667,1594,1558,1604,1703,1608,1575,1593,1654,1596,1586,1560,1634,1635,1694,1603,1616,1638,1696,1592,1622,1648,1596,1632,1639,1636,1635,1605,1579,1630,1659,1618,1590,1566,1661,1650,1630,1591,1644,1669,1618,1552,1630,1680,1694,1676,1596,1610,1563,1576,1653,1659,1656,1677,1606,1573,1660,1579,1623,1620,1645,1598,1534
778,1284,1898,1883,1874,1951,1800,1863,1908,1767,1819,1923,1841,1823,1791,1897,1937,1829,1792,1882,1860,1836,1876,1801,1856,1884,1793,1825,1813,1840,1850,1885,1904,1884,1808,1841,1826,1823,1881,1809,1821,1867,1876,1770,1900,1918,1831,1802,1883,1843,1852,1898,1784,1903,1908,1769,1762,1897,1819,1906,1769,1838,1970,1835,1873,1874,1835,1858,1838,1897,1926,1934,1833,1848,1862,1814,1823,1810,1844,1906,1891,1840,1863,1874,1818,1749,1814,1818,1811,1802,1808,1844,1904,1739,1927,1908,1828,1858,1918,1868,1850,1932
779,1334,2086,2102,2091,2062,2033,1976,2112,2114,2136,2196,2086,2165,2157,2226,2126,2229,2161,2138,2125,2096,2123,2111,2181,2069,2118,2159,2168,2119,2107,2204,2233,2119,2099,2021,2109,2052,2128,2207,2189,2228,2122,2218,2217,2232,2173,2148,2256,2301,2161,2248,2262,2261,2169,2257,2353,2263,2299,2182,2231,2262,2343,2317,2252,2272,2232,2319,2232,2228,2261,2272,2257,2273,2205,2276,2346,2236,2296,2318,2178,2286,2304,2329,2268,2267,2276,2306,2203,2239,2229,2171,2263,2197,2317,2252,2236,2245,2290,2268,2313,2334
790,1791,1072,1173,1122,1103,1134,1087,1108,1121,1171,1122,1097,1110,1111,1147,1105,1154,1171,1130,1201,1191,1109,1098,1134,1140,1108,1178,1181,1099,1183,1150,1186,1127,1110,1120,1130,1097,1148,1146,1160,1084,1107,1121,1192,1101,1102,1145,1112,1069,1148,1094,1131,1142,1155,1145,1146,1158,1164,1168,1099,1105,1141,1111,1144,1100,1204,1155,1177,1135,1141,1116,1207,1082,1158,1154,1175,1190,1177,1176,1097,1075,1122,1106,1160,1134,1158,1185,1139,1089,1191,1153,1120,1115,1121,1167,1094,1102,1140,1157,1058,1142
793,66,359,391,399,364,349,398,370,377,367,347,366,365,366,396,352,386,374,364,371,387,383,366,353,398,387,384,349,354,354,367,398,352,371,389,386,417,366,363,358,360,386,355,385,353,377,341,395,354,396,356,346,357,383,362,365,382,396,367,390,383,355,352,368,371,361,361,372,335,368,358,359,368,360,351,406,362,377,383,358,385,324,377,377,391,366,358,391,400,364,397,352,378,376,358,344,389,379,359,373,353
793,1359,1975,1955,1994,1965,1859,2002,2017,1942,1955,1908,1940,1917,1958,1888,2006,1904,1923,1925,1977,1946,1931,2037,1903,1971,1969,1909,2022,1973,1914,1917,1880,1915,1911,2011,1917,1934,1964,1925,1977,1976,1938,1969,2019,1940,1932,1920,1920,1929,1975,1834,1921,1947,1909,1882,1932,1873,1941,2009,1890,2020,1929,1894,1973,1944,1844,1965,1907,1979,1899,1962,2011,1966,1944,1918,1956,1873,1946,1913,1996,1913,1862,1950,1910,1931,1929,1999,1938,1972,1927,1936,1934,1932,1940,1945,1956,1937,1926,1913,1981,2026
794,850,1796,1808,1761,1778,1827,1734,1789,1730,1722,1690,1705,1748,1700,1752,1819,1726,1757,1758,1825,1771,1799,1696,1769,1767,1800,1742,1748,1742,1766,1641,1752,1771,1790,1794,1718,1768,1742,1801,1831,1669,1721,1704,1704,1820,1818,1794,1778,1758,1716,1773,1714,1729,1714,1727,1765,1752,1699,1735,1752,1699,1795,1727,1756,1802,1745,1770,1780,1768,1783,1783,1683,1667,1776,1785,1751,1802,1737,1720,1700,1644,1820,1823,1734,1785,1762,1825,1682,1793,1746,1726,1775,1718,1746,1754,1684,1737,1767,1727,1664,1742
808,1376,2027,2039,2153,2129,2105,2160,2039,2060,2069,2019,2050,2087,2088,2046,2100,2011,2111,2141,2128,2019,2049,2104,2121,2041,2113,2085,2116,2098,2089,2033,1999,2079,2086,2088,2063,2032,2052,2113,2083,2104,2036,2082,2067,2086,2035,1988,2061,2100,2073,2112,2084,2139,2122,2126,2024,2048,2190,2125,2098,2017,2068,2087,2127,2004,2038,2018,2062,2061,2079,2090,2095,2103,2034,2078,2073,2074,2038,2060,2045,2111,2096,2054,2083,2049,2121,2102,2177,2019,2022,2080,2116,2076,2050,2000,2122,2112,2079,2113,2038,1978
878,966,2124,2072,2012,1973,2049,2054,2101,2010,2074,2023,1931,2004,2019,2059,2055,1981,2039,2046,2088,2070,2046,2066,2100,2085,1959,2071,2069,1995,2006,2026,2081,1958,2030,2113,2014,2046,2074,2054,2056,2098,2039,1955,2065,1989,2027,1971,2095,1962,2008,2037,1993,2009,2035,2005,1949,1983,2103,2046,1967,1948,2055,1952,1961,2016,2077,2040,2044,2059,2035,1994,2038,2059,2002,2095,1980,2068,2111,2082,2037,2062,1982,2004,2058,2049,2142,1998,2051,2000,2061,2011,2062,2027,2128,2041,1994,2068,2015,2072,2049,2052
889,1148,3499,3530,3529,3570,3567,3509,3597,3478,3481,3637,3628,3567,3524,3464,3610,3570,3619,3603,3567,3528,3579,3454,3550,3486,3529,3578,3523,3501,3439,3601,3489,3610,3532,3527,3585,3493,3638,3523,3425,3607,3511,3490,3514,3479,3481,3462,3595,3517,3558,3451,3499,3595,3499,3480,3437,3398,3557,3531,3454,3424,3438,3512,3459,3554,3446,3582,3569,3500,3551,3601,3504,3526,3490,3523,3578,3618,3530,3495,3542,3515,3518,3579,3518,3475,3458,3507,3416,3491,3489,3525,3612,3482,3540,3500,3480,3500,3497,3432,3408,3538
896,1723,1960,2010,1934,1921,1930,1981,1873,1974,1944,1923,1933,1926,1965,1911,1910,1931,1969,1852,2033,1949,2003,1932,2003,1901,1909,1953,1958,1861,1944,1868,1930,1950,1923,1877,1935,1965,1960,1910,1902,1923,1900,1907,1961,1967,2054,2020,1969,1966,1906,1998,1952,2006,1883,1974,1981,1862,1941,1953,1983,1932,2021,1971,1978,1946,1914,1940,1841,1886,2071,1830,1987,1972,1920,1940,1924,1953,1956,1898,1923,1914,1970,1980,1950,1925,1950,1985,2010,1955,1926,1973,1968,1929,1942,1965,1960,1996,1959,1913,1946,1907
902,1605,1853,1865,1921,1868,1966,1882,1872,1947,1865,1844,1863,1850,1866,1830,1907,1864,1839,1858,1830,1861,1799,1891,1917,1848,1816,1810,1877,1846,1849,1896,1791,1848,1764,1865,1899,1946,1894,1797,1847,1892,1861,1858,1883,1916,1864,1832,1820,1908,1914,1862,1801,1916,1943,1877,1865,1808,1812,1889,1892,1901,1869,1872,1876,1865,1970,1908,1931,1827,1888,1908,1848,1902,1912,1876,1907,1831,1785,1816,1874,1812,1903,1886,1869,1810,1856,1860,1856,1949,1774,1848,1794,1839,1932,1916,1843,1871,1890,1888,1893,1870
903,1294,3230,3265,3080,3245,3186,3222,3154,3310,3157,3236,3239,3125,3249,3209,3234,3201,3203,3255,3177,3162,3166,3268,3192,3267,3171,3240,3251,3240,3226,3253,3238,3236,3190,3239,3244,3130,3239,3257,3274,3253,3339,3225,3234,3274,3187,3238,3237,3133,3136,3184,3222,3196,3257,3170,3242,3220,3116,3211,3161,3255,3244,3297,3209,3220,3205,3226,3230,3178,3275,3285,3213,3195,3253,3186,3188,3162,3220,3219,3319,3325,3292,3205,3219,3142,3214,3189,3210,3277,3224,3355,3238,3215,3185,3177,3193,3182,3226,3199,3247,3292
909,1554,2120,2075,2133,2176,2208,2172,2088,2051,2208,2170,2147,2131,2099,2109,2249,2212,2174,2205,2107,2161,2117,2168,2097,2054,2112,2085,2234,2122,2085,2136,2189,2179,2077,2167,2195,1997,2268,2137,2197,2123,2129,2116,2093,2181,2184,2141,2082,2115,2113,2090,2219,2112,2108,2108,2169,2229,2196,2199,2208,2179,2178,2100,2166,2205,2135,2142,2144,2182,2170,2245,2196,2180,2109,2097,2126,2136,2226,2147,2148,2131,2219,2127,2053,2171,2185,2088,2173,2078,2123,2137,2121,2166,2133,2143,2157,2257,2166,2094,2185,2210
914,1015,794,829,808,826,784,832,800,783,848,796,798,846,822,775,840,879,856,825,850,840,828,825,823,844,817,819,831,832,848,743,783,787,830,827,828,825,778,823,812,850,775,810,863,852,803,856,800,840,805,776,842,836,851,808,829,780,795,768,801,900,808,807,802,817,832,768,815,813,793,829,824,808,813,807,854,822,783,799,844,803,844,827,852,852,813,802,803,761,815,764,825,789,793,790,809,819,842,848,797,862
923,1082,3665,3728,3581,3619,3539,3597,3633,3674,3524,3576,3570,3767,3624,3577,3690,3681,3612,3556,3594,3547,3564,3576,3570,3667,3669,3652,3612,3615,3499,3446,3709,3588,3623,3569,3487,3655,3595,3469,3635,3573,3546,3573,3607,3623,3538,3606,3589,3660,3683,3491,3625,3641,3761,3624,3610,3649,3624,3597,3582,3571,3573,3631,3521,3533,3516,3567,3614,3572,3536,3673,3578,3575,3658,3595,3688,3625,3548,3641,3666,3613,3549,3647,3617,3556,3522,3619,3694,3559,3653,3518,3553,3486,3690,3524,3542,3659,3591,3577,3625,3658
929,1146,3071,2923,3004,2922,3092,3082,3026,3027,3030,3066,3040,2992,3133,2947,3003,3072,3036,2892,3046,3111,2982,3096,3067,3011,2901,3063,3066,2901,3066,2981,3038,3001,2979,2961,3147,3042,2989,2976,2954,2933,3066,3054,2965,2963,3035,3067,3110,3061,2943,2953,2935,3045,3057,2997,3107,3072,3027,2937,3167,3064,2959,3053,3039,2919,3051,3057,2931,2966,2967,3114,3021,3010,2902,3014,2955,2899,3002,2939,2990,3007,3020,3031,2998,2980,3097,2997,2954,3081,3081,3079,3050,2933,3140,3068,2993,2905,2974,2993,2994,3036
933,1418,3526,3571,3530,3470,3489,3558,3526,3552,3475,3682,3616,3560,3526,3530,3634,3441,3554,3572,3464,3518,3437,3540,3580,3583,3465,3520,3550,3657,3623,3600,3559,3534,3517,3632,3536,3548,3466,3644,3649,3543,3460,3599,3692,3553,3554,3463,3491,3522,3506,3689,3556,3555,3626,3480,3549,3474,3552,3547,3553,3440,3560,3478,3543,3484,3542,3603,3506,3567,3545,3542,3618,3586,3555,3472,3470,3564,3603,3518,3579,3629,3503,3590,3603,3616,3612,3534,3589,3638,3562,3475,3597,3620,3603,3601,3525,3581,3618,3484,3611,3625
947,884,1982,2028,1984,1961,2010,1940,1923,2018,2015,1937,1947,1979,1936,1982,1998,1978,1969,1974,2020,1982,1937,1949,1949,2026,2011,2039,2061,1949,1930,1893,1971,1984,1947,1934,1913,1958,1982,1993,1887,2005,2000,1941,1959,2006,1904,1958,1949,1874,1932,1975,2029,1969,1939,1895,2013,1980,1950,2020,1949,1935,1939,2034,1933,1893,1963,1979,1904,1979,1933,2007,2006,1998,1978,1890,1899,1998,2015,1981,1927,1976,1963,1913,1961,1948,2015,1946,1944,1957,1947,2075,2049,1996,1930,1958,1947,1931,1923,1947,2087,1994
950,1549,2671,2505,2669,2675,2588,2775,2589,2592,2638,2654,2678,2630,2711,2644,2563,2465,2682,2590,2526,2723,2637,2647,2632,2695,2585,2562,2624,2662,2640,2617,2570,2703,2645,2517,2672,2599,2625,2575,2641,2771,2556,2466,2650,2625,2592,2657,2645,2562,2693,2622,2601,2613,2563,2692,2694,2600,2662,2729,2600,2667,2662,2638,2688,2620,2651,2536,2622,2619,2723,2582,2655,2699,2637,2718,2673,2617,2685,2630,2534,2571,2617,2749,2652,2627,2566,2611,2540,2623,2659,2603,2572,2682,2602,2657,2698,2720,2603,2599,2610,2558
955,1014,1295,1295,1220,1347,1314,1304,1370,1391,1363,1371,1336,1330,1336,1326,1374,1376,1341,1308,1346,1275,1360,1293,1312,1318,1349,1342,1332,1270,1283,1315,1335,1320,1340,1280,1345,1358,1262,1348,1305,1339,1310,1338,1348,1371,1286,1319,1377,1305,1323,1314,1304,1367,1296,1301,1347,1364,1344,1305,1360,1355,1291,1349,1290,1365,1312,1324,1343,1314,1196,1389,1367,1319,1361,1381,1291,1353,1348,1328,1368,1330,1267,1303,1322,1359,1319,1379,1350,1312,1366,1395,1369,1317,1267,1280,1319,1374,1332,1293,1334,1337
996,1178,1571,1741,1670,1671,1695,1630,1613,1628,1630,1674,1681,1613,1640,1580,1672,1689,1620,1696,1689,1683,1666,1615,1547,1619,1723,1630,1724,1615,1665,1676,1626,1686,1669,1655,1605,1672,1652,1654,1647,1667,1663,1664,1731,1641,1700,1729,1674,1743,1591,1628,1686,1616,1617,1660,1651,1669,1588,1659,1651,1579,1648,1675,1630,1660,1657,1702,1682,1685,1727,1688,1635,1621,1657,1593,1715,1670,1674,1723,1639,1652,1741,1641,1642,1673,1565,1667,1652,1666,1706,1699,1697,1674,1629,1645,1625,1605,1658,1608,1612,1656
1009,1031,1723,1627,1687,1710,1716,1719,1672,1689,1699,1686,1745,1694,1737,1785,1648,1682,1724,1721,1663,1745,1646,1702,1679,1733,1684,1694,1762,1665,1682,1697,1622,1737,1702,1663,1683,1649,1612,1634,1660,1655,1700,1644,1657,1752,1703,1637,1692,1697,1639,1649,1714,1702,1732,1636,1662,1728,1669,1688,1671,1650,1717,1676,1699,1721,1710,1687,1741,1679,1710,1731,1793,1682,1736,1710,1727,1734,1704,1722,1697,1734,1765,1635,1733,1673,1767,1722,1728,1717,1624,1671,1712,1677,1772,1608,1651,1629,1629,1687,1719,1745
1015,983,3832,3871,3968,4025,3830,3907,3894,4003,4043,4013,3883,3901,3866,3881,3945,3903,3948,3898,3913,4038,3920,3931,3973,3845,4017,3844,3932,3799,3843,3977,3915,3799,3892,3921,3948,3884,3866,3824,3982,3928,3958,3940,3819,3896,3908,3828,3861,3925,3923,3860,3879,3892,3944,3969,3921,3963,4064,3959,3952,3897,3890,3887,4016,3911,3983,3948,3843,3850,3795,3851,3947,3906,3925,3998,3952,3924,3878,3836,3901,3861,3817,3817,3925,4057,4005,3890,3840,3953,3804,4033,3971,4027,3875,3935,3905,3886,3850,3823,3928,3971
1015,1095,1950,1920,1879,1925,1952,1926,1872,1817,1950,1912,1957,1985,1931,1930,1935,1848,1933,1897,1906,1872,1924,1910,1900,1914,1882,1954,1911,1982,1953,1985,1951,1831,1873,1928,1880,1920,1948,1914,1878,1849,1959,1937,1904,1903,1940,1878,1904,1900,1900,1872,1992,1972,1876,1861,1896,1865,1839,1850,1923,1868,1952,1913,1859,1914,1949,1909,1983,1954,1804,1879,1856,1913,1926,1945,1913,1882,1939,1872,1903,1910,1884,1923,1917,1784,1984,1903,1869,1847,1855,1868,1790,1917,1835,1899,1865,1881,1934,1977,1928,1904
1024,372,434,472,454,448,466,458,457,464,463,452,459,482,460,471,431,427,437,440,426,475,482,461,454,458,484,465,454,430,460,406,449,454,452,482,445,437,490,498,426,477,474,478,489,457,436,440,432,441,437,459,443,468,471,450,451,505,458,451,447,453,432,448,444,468,478,470,459,453,462,473,466,466,464,469,472,490,435,456,429,472,436,423,469,485,478,441,439,441,459,459,442,458,458,439,439,467,477,445,491,464
1026,1767,1949,1963,1978,2014,1929,2032,1989,2018,1939,2017,2006,2039,2030,1950,1903,1980,1977,1936,1999,1928,2025,1981,1921,1945,2061,1930,1854,1983,2014,2028,1977,2019,2009,1902,1971,1958,1994,1959,1930,2018,1960,2024,2003,2051,1982,1933,2063,2011,1988,2024,1985,2067,2010,1952,1998,1944,2052,2010,1998,2007,2008,1984,1996,2005,1973,2000,1939,1978,2013,1953,2075,1948,1981,2008,1957,1914,2018,1933,1941,1989,1928,1926,2004,2041,1921,1943,1975,2041,2056,1986,2006,1978,2012,2022,1912,1976,1995,1931,2007,2010
1030,1002,3389,3494,3514,3451,3444,3400,3559,3374,3540,3492,3416,3391,3400,3517,3377,3456,3316,3412,3424,3564,3420,3441,3394,3411,3512,3439,3526,3447,3557,3526,3468,3462,3403,3541,3442,3411,3514,3482,3496,3440,3427,3384,3466,3408,3418,3311,3371,3478,3467,3480,3412,3386,3389,3522,3483,3412,3477,3352,3482,3373,3483,3370,3457,3453,3400,3448,3404,3466,3420,3505,3362,3441,3374,3434,3420,3438,3404,3465,3375,3405,3511,3442,3426,3481,3383,3391,3292,3531,3479,3457,3470,3477,3503,3489,3500,3492,3410,3442,3533,3404
1036,953,3881,3999,4023,3879,3962,3941,3777,3940,3933,3948,3820,3969,3835,3937,4001,3940,3951,3882,3965,3891,3865,3904,3945,3928,3895,3994,4024,3900,3889,3909,3912,4018,3949,3939,3972,3928,3914,4008,3921,3871,3923,3853,3894,3913,3900,3912,3843,3870,3969,3928,3833,3997,3941,3817,3929,3941,3848,3843,3987,3867,3843,3910,3948,3924,3983,3801,3864,4001,3888,3965,3940,3920,4045,3875,3914,3905,3920,3862,3853,4008,3871,3930,3864,3934,3812,3843,3813,3964,3954,3828,3934,4027,3886,3835,3932,3902,3847,3888,3808,3948
1051,1299,1476,1537,1420,1466,1453,1511,1469,1488,1502,1465,1434,1481,1470,1442,1466,1487,1451,1508,1472,1441,1495,1555,1478,1520,1529,1470,1430,1544,1560,1508,1493,1514,1459,1497,1475,1444,1472,1448,1507,1491,1478,1512,1409,1522,1406,1478,1401,1520,1512,1437,1444,1476,1546,1450,1483,1457,1389,1430,1499,1474,1431,1418,1527,1485,1469,1503,1484,1532,1454,1449,1424,1434,1518,1499,1440,1480,1444,1517,1453,1545,1472,1490,1439,1466,1481,1502,1454,1499,1478,1529,1589,1477,1542,1489,1508,1495,1450,1435,1468,1486
1052,1565,3619,3617,3651,3527,3662,3748,3756,3713,3811,3757,3702,3618,3738,3557,3690,3648,3641,3633,3552,3712,3610,3727,3684,3597,3601,3659,3621,3732,3799,3780,3742,3856,3769,3805,3708,3708,3689,3840,3772,3687,3755,3773,3698,3641,3672,3717,3818,3670,3810,3636,3619,3646,3596,3742,3771,3730,3588,3636,3782,3662,3749,3702,3700,3626,3734,3650,3683,3678,3630,3645,3756,3770,3617,3743,3698,3715,3646,3754,3701,3917,3767,3642,3760,3679,3787,3692,3609,3828,3691,3724,3716,3585,3736,3705,3747,3604,3741,3661,3785,3720
1069,1642,2282,2357,2298,2398,2417,2389,2361,2327,2337,2278,2315,2393,2408,2363,2398,2362,2376,2374,2428,2320,2283,2396,2338,2312,2471,2406,2230,2322,2486,2429,2401,2337,2322,2342,2308,2306,2360,2328,2317,2440,2390,2442,2408,2370,2408,2320,2281,2348,2409,2395,2383,2178,2334,2412,2430,2317,2359,2248,2391,2411,2334,2331,2344,2416,2386,2441,2337,2339,2420,2324,2431,2351,2368,2366,2404,2350,2389,2310,2348,2358,2347,2458,2369,2314,2365,2423,2415,2322,2287,2306,2422,2359,2377,2342,2368,2339,2328,2386,2312,2294
1082,1018,153,168,165,153,149,189,146,146,161,174,153,158,184,197,167,166,191,160,189,171,172,188,153,170,180,184,159,221,175,135,144,164,166,143,190,186,186,158,140,212,162,178,182,169,202,179,130,155,186,179,184,145,175,175,192,203,160,182,175,151,191,173,142,187,163,168,158,187,190,146,139,184,183,168,201,154,163,176,166,180,161,161,148,163,180,160,156,156,177,153,177,166,159,194,202,159,176,180,157,165
1088,1082,1526,1638,1670,1647,1564,1624,1576,1613,1616,1540,1607,1586,1656,1697,1620,1638,1582,1628,1566,1643,1598,1575,1607,1625,1575,1598,1571,1569,1643,1689,1657,1655,1633,1654,1626,1610,1625,1578,1578,1587,1587,1595,1604,1647,1638,1684,1576,1636,1550,1604,1586,1660,1502,1633,1708,1585,1647,1569,1618,1629,1603,1549,1630,1604,1615,1677,1679,1621,1663,1570,1633,1615,1657,1633,1602,1627,1589,1569,1655,1670,1701,1651,1636,1564,1627,1584,1629,1733,1646,1588,1578,1582,1562,1547,1652,1694,1610,1530,1632,1596
1091,1671,1972,1956,1977,1908,1980,1964,1949,1983,1998,1957,1992,2104,1907,1934,1940,1969,1884,2004,1902,1932,2014,1968,1979,1982,2032,1925,1953,1900,1896,1999,2073,2039,1998,1928,1932,1986,1981,1947,2094,1987,1938,2011,1948,1958,1965,1940,1898,1998,1966,2005,1930,2019,1922,1912,1997,1999,1934,2002,1983,1963,1943,1892,2013,1954,2031,1872,1972,2014,1971,2023,1912,1890,1842,1942,1991,1951,1936,2006,1980,1952,1945,2040,2011,1912,1916,1984,1945,1941,1910,1993,1978,1951,1893,1902,1903,1961,1929,1930,1941,1964
1102,988,2473,2484,2608,2581,2504,2576,2511,2582,2425,2533,2496,2539,2524,2512,2463,2459,2422,2515,2456,2582,2520,2527,2523,2493,2489,2506,2599,2515,2557,2484,2410,2525,2526,2554,2561,2528,2599,2564,2547,2557,2560,2566,2544,2574,2476,2513,2458,2455,2470,2498,2545,2479,2437,2537,2563,2465,2496,2470,2538,2494,2534,2511,2587,2606,2457,2524,2480,2488,2555,2535,2544,2555,2544,2576,2509,2567,2530,2438,2390,2482,2478,2528,2561,2522,2409,2492,2425,2523,2498,2560,2515,2589,2498,2504,2462,2518,2513,2470,2522,2458
1120,1232,-225,-225,-225,-225,-225,-225,-225,-225,-225,-225,-225,-225,-225,-225,-225,-225,-225,-225,-225,-225,-225,-225,-225,-225,-225,-225,-225,-225,-225,-225,-225,-225,-225,-225,-225,-225,-225,-225,-225,-225,-225,-225,-225,-225,-225,-225,-225,-225,-225,-225,-225,-225,-225,-225,-225,-225,-225,-225,-225,-225,-225,-225,-225,-225,-225,-225,-225,-225,-225,-225,-225,-225,-225,-225,-225,-225,-225,-225,-225,-225,-225,-225,-225,-225,-225,-225,-225,-225,-225,-225,-225,-225,-225,-225,-225,-225,-225,-225,-225,-225
1137,781,1938,2051,1905,2034,2022,2032,1993,1986,1961,1997,1986,1965,1974,1955,1954,2033,1948,1978,2000,1961,1994,1982,1997,1952,1983,1904,2027,2010,1936,2045,2031,2043,1972,1940,1938,2007,1989,1963,2099,2010,1989,2001,2063,1961,1945,2061,2088,2058,2045,1993,1970,2029,1986,1998,2070,2014,2030,1952,2036,1973,1994,1942,1931,2004,1930,1989,1971,1933,1964,1952,1992,2015,2005,1936,1996,1963,1978,1953,1983,2070,1952,1979,1920,2003,2073,2070,2051,1968,1876,2030,2100,1990,2013,2009,1982,1999,2038,2014,1994,2133
1144,927,3827,3743,3785,3826,3795,3849,3819,3725,3780,3691,3806,3830,3841,3740,3726,3823,3835,3822,3762,3713,3857,3739,3816,3864,3727,3811,3825,3816,3706,3790,3735,3778,3815,3745,3685,3729,3740,3694,3792,3749,3853,3806,3744,3841,3763,3700,3817,3836,3811,3658,3767,3645,3672,3757,3742,3817,3712,3633,3804,3770,3872,3636,3722,3800,3781,3910,3664,3788,3770,3869,3896,3692,3756,3763,3736,3786,3823,3742,3705,3791,3790,3781,3829,3705,3713,3750,3736,3723,3703,3650,3889,3756,3800,3701,3557,3661,3755,3797,3743,3848
1145,1415,1573,1570,1521,1576,1597,1549,1571,1628,1511,1640,1556,1578,1563,1593,1547,1572,1574,1572,1586,1536,1547,1531,1577,1539,1545,1562,1613,1590,1590,1596,1562,1508,1643,1610,1581,1482,1589,1591,1565,1530,1521,1544,1665,1584,1588,1595,1491,1569,1532,1556,1545,1569,1562,1515,1580,1531,1515,1608,1575,1561,1608,1529,1494,1575,1546,1514,1494,1501,1530,1540,1592,1594,1566,1525,1619,1615,1537,1587,1567,1570,1537,1554,1539,1559,1533,1569,1582,1609,1506,1617,1613,1577,1536,1627,1571,1594,1619,1611,1518,1556
1147,1932,1295,1285,1305,1265,1243,1229,1299,1310,1263,1260,1319,1261,1319,1289,1295,1284,1240,1251,1250,1215,1248,1255,1352,1292,1287,1275,1260,1294,1228,1320,1257,1236,1302,1261,1329,1221,1228,1309,1295,1344,1324,1311,1299,1299,1251,1250,1221,1296,1227,1246,1309,1269,1258,1293,1289,1195,1258,1289,1261,1273,1363,1224,1239,1287,1278,1209,1320,1299,1283,1286,1273,1248,1239,1283,1283,1256,1275,1295,1261,1255,1267,1261,1261,1273,1267,1292,1286,1251,1179,1260,1286,1292,1310,1197,1314,1257,1242,1280,1240,1248
1168,1770,1977,2021,2021,2019,2091,1978,2068,2042,2068,2032,1952,2038,2009,1950,1902,2011,2004,1989,2011,2032,1963,1984,1905,1943,1972,2066,1942,1951,2140,2066,2049,2034,1941,2036,2061,1982,2085,2002,2058,1964,2019,2028,2019,1951,1959,2003,2041,1973,2015,2002,2024,2021,1990,1994,1975,2045,1975,1976,2005,1990,1958,1965,2046,1993,2054,1945,1999,2046,2065,1987,1969,2000,2009,1926,2011,2031,1941,1933,1891,2032,2076,2034,1978,2013,1987,1961,1994,1952,1961,1966,1939,2020,2062,1990,1938,1999,2047,1978,2079,1923
1178,915,4065,3931,3966,4043,4031,4066,3990,3978,3984,4058,4003,3900,3947,4082,4053,4039,3969,4020,3901,3960,3928,3884,3910,4014,4011,3965,4025,4094,3899,4048,4074,4034,3988,3888,3848,4070,4080,3975,4059,3951,3910,3938,4076,4031,3872,3915,4048,4014,4037,3972,3905,3923,4055,4055,3843,4026,3910,3902,3855,3947,3973,3823,4046,3995,3985,3924,3995,3904,4039,3920,3990,3907,4019,3952,3954,3910,3962,4019,3965,3910,3932,3934,3941,4017,3951,3925,3855,3884,4035,4000,4017,4006,4065,4101,3966,3987,3991,4009,4005,3966
1180,1306,2082,2109,1984,2058,1967,1946,1965,1942,1929,2057,2015,2042,2047,1947,2000,1993,2009,1984,1927,1996,1978,1966,2015,2032,2035,2055,2067,1956,2026,1985,2044,2066,2005,2068,2056,1977,2032,2083,1976,2040,2088,2127,2095,2061,2021,1974,1987,2028,1984,1976,1999,1943,2020,2002,1974,2031,2064,2056,2020,1976,2061,2048,2063,2017,2021,2007,2005,1933,2002,1959,2022,2002,1995,1952,2028,1971,2031,1965,1988,1991,2006,2046,1968,2060,2036,2013,2049,1976,1996,2030,2008,1919,1918,2092,2090,2043,2043,1933,1973,2022
1200,1484,1795,1839,1786,1733,1772,1843,1886,1792,1766,1757,1763,1761,1750,1701,1883,1766,1847,1777,1770,1855,1754,1863,1826,1835,1809,1813,1786,1829,1756,1798,1791,1868,1748,1899,1839,1830,1842,1773,1773,1801,1796,1763,1776,1831,1916,1807,1773,1839,1757,1870,1820,1766,1783,1805,1869,1782,1741,1835,1829,1820,1724,1769,1825,1758,1840,1849,1783,1780,1847,1784,1785,1804,1690,1764,1764,1816,1888,1820,1772,1787,1766,1823,1777,1797,1802,1730,1765,1768,1788,1829,1834,1781,1828,1853,1728,1755,1760,1806,1888,1766
1211,1190,2091,2091,2229,2130,2088,2056,2083,2094,2056,2091,2070,2140,2106,2016,2116,2141,2109,2121,2119,2152,2084,2122,2151,2087,2080,2084,2129,2058,2085,2098,2125,2091,2115,2096,2213,2099,2076,2087,2155,2137,2152,2085,2082,2087,2067,2115,2175,2090,2092,2149,2145,2028,2044,2063,2183,2110,2115,2077,2171,2072,2161,2155,2114,2149,2076,2112,2141,2094,2151,2091,2050,2057,2131,2095,2082,2084,2070,2104,2094,2089,2065,2047,2182,2096,2064,2034,2173,2049,2103,2071,2120,2165,2140,2121,2159,2020,2059,2112,2067,2047
1213,902,3857,3984,3989,3946,3998,3870,4014,4058,3912,4003,4021,3919,3913,3933,4035,4056,3971,3984,3976,4056,3875,3975,3980,3932,3932,3906,4042,3966,3999,4104,3962,3964,4067,4006,3938,3974,3978,3936,3972,3992,3992,3950,3878,3919,4063,3978,3936,3878,4034,4022,3836,4008,3913,3933,3971,3998,4058,4009,3998,3932,3885,3949,4016,3844,3996,3882,3987,3912,4011,4026,3989,3952,3955,3929,3901,3898,3990,3970,3970,4090,3939,3991,4024,3956,3779,3944,3953,3994,3992,4047,3898,3970,3911,3980,3951,4055,3916,4039,3893,3923
1226,922,3712,3836,3790,3780,3805,3831,3968,3813,3790,3761,3714,3712,3805,3823,3767,3846,3835,3721,3868,3792,3839,3811,3751,3786,3755,3813,3830,3831,3858,3841,3847,3939,3842,3769,3831,3809,3821,3752,3783,3873,3765,3814,3753,3787,3701,3889,3756,3934,3827,3755,3770,3877,3658,3816,3764,3722,3866,3735,3766,3746,3814,3724,3755,3826,3799,3796,3720,3746,3795,3855,3793,3817,3759,3817,3762,3895,3796,3752,3740,3729,3797,3772,3901,3833,3870,3811,3755,3844,3780,3787,3761,3814,3909,3849,3794,3837,3718,3909,3820,3747
1228,1254,284,276,309,285,328,281,325,313,335,325,303,306,335,303,285,283,314,288,304,313,334,321,316,311,304,297,315,289,284,291,306,294,333,321,304,306,324,285,341,283,280,298,314,284,298,309,309,320,263,285,272,327,296,296,288,294,330,311,316,313,284,311,284,300,296,288,299,318,289,305,288,275,287,312,297,303,290,299,302,298,308,338,284,335,308,302,273,295,263,308,302,303,279,301,313,309,273,274,322,284
1248,1389,1647,1689,1687,1647,1716,1629,1662,1682,1691,1631,1639,1686,1623,1648,1673,1641,1669,1640,1644,1658,1662,1632,1595,1580,1695,1606,1629,1683,1633,1688,1659,1639,1705,1612,1622,1637,1673,1661,1703,1692,1653,1624,1707,1651,1714,1635,1598,1687,1689,1649,1615,1708,1625,1701,1574,1624,1721,1684,1622,1671,1667,1705,1691,1637,1671,1691,1696,1671,1642,1661,1696,1638,1672,1664,1652,1581,1643,1634,1655,1653,1662,1640,1660,1601,1615,1707,1645,1736,1659,1784,1665,1657,1719,1623,1684,1650,1681,1657,1749,1646
1260,908,3848,3854,3918,3974,3946,3860,3774,3993,3838,3853,3767,3854,3912,3894,3797,3835,3870,3920,3829,3919,3909,3934,3825,3865,3955,3815,3815,3914,3870,3929,3874,3951,3797,3816,3929,3939,3870,3882,3767,3830,3857,3832,3800,3911,3762,3783,3905,3853,3869,3832,3888,3899,3819,3816,3843,3916,3941,3969,3902,3861,3940,3933,3846,3931,3920,3807,3801,3858,3994,3842,3809,3908,3864,3874,3862,3849,3992,3764,3896,3926,3837,4030,3762,3919,3762,3928,3721,3860,3850,3889,3900,3888,3915,3817,3862,3891,3774,3803,3839,3941
1264,1612,3865,3847,3988,4004,3956,3852,3904,3967,3879,3854,3948,3904,3946,3952,3856,3970,3858,3854,3894,3995,3881,3798,3891,4065,3856,3882,3975,3864,3816,3867,3934,3958,3887,3842,3851,3884,3933,3904,3965,3842,3860,3926,3897,3875,3928,3988,3878,3902,3911,3779,3815,3743,3838,3851,3862,3804,3808,3948,3869,3828,3857,3897,3930,3943,3955,3923,3882,3951,3858,3911,3848,3861,3951,3810,3942,3731,3805,3827,3835,3857,3874,3897,3882,3929,3850,3919,3842,3946,3886,3942,3908,3929,3960,3904,3939,4034,3949,3815,3844,4024
1267,1563,3524,3524,3531,3500,3493,3633,3572,3555,3560,3594,3657,3552,3427,3509,3536,3504,3583,3446,3493,3491,3662,3567,3650,3546,3528,3642,3521,3541,3636,3480,3535,3458,3514,3418,3453,3524,3504,3585,3582,3509,3597,3526,3499,3664,3543,3577,3545,3559,3399,3612,3482,3497,3589,3563,3493,3495,3507,3560,3560,3564,3553,3517,3662,3565,3528,3505,3512,3454,3548,3524,3463,3547,3632,3434,3630,3489,3553,3494,3693,3575,3456,3375,3461,3493,3476,3538,3516,3399,3567,3562,3557,3434,3600,3487,3454,3534,3565,3530,3599,3477
1273,927,3718,3626,3710,3555,3688,3613,3625,3629,3720,3596,3494,3634,3630,3612,3502,3596,3708,3637,3562,3615,3596,3617,3576,3514,3645,3560,3511,3489,3562,3506,3634,3542,3685,3579,3628,3566,3648,3582,3608,3671,3566,3522,3693,3538,3589,3597,3603,3591,3657,3535,3636,3637,3631,3618,3609,3720,3540,3652,3440,3616,3641,3561,3566,3658,3668,3471,3580,3549,3563,3488,3607,3550,3570,3495,3509,3549,3522,3555,3754,3680,3613,3597,3631,3567,3639,3596,3650,3691,3660,3630,3574,3595,3644,3560,3600,3582,3581,3475,3580,3528
1276,316,591,647,602,613,603,630,608,653,611,619,667,601,634,590,624,606,616,587,584,633,629,646,611,652,668,651,614,601,614,598,642,641,656,617,595,607,627,647,573,626,656,618,605,638,637,652,610,608,621,665,619,616,598,614,611,624,656,594,592,609,639,643,669,618,617,662,628,620,624,633,619,622,615,608,568,621,628,605,574,611,655,649,663,617,624,628,630,642,620,646,607,634,573,663,612,618,589,623,628,651
1310,684,1905,1914,1962,1927,1848,1993,1781,1796,1863,1920,1847,1819,1873,1911,1866,1915,1839,1881,1953,1904,1883,1883,1940,1911,1935,1926,1962,1900,1854,1976,1847,1948,1875,1898,1926,1912,1935,1965,1843,1889,1901,1934,1912,1922,1909,1943,1831,1899,1956,1918,1854,1861,1913,1945,1877,1908,1946,1955,1765,1818,1856,1931,1805,1821,1897,1902,1926,1884,1930,1905,1877,1901,1887,1887,1905,1880,1972,1898,1900,1843,1952,1818,1952,1907,1881,2046,1917,1885,1929,1930,1899,1938,1902,1912,1893,1912,1922,1934,1949,1914
1314,851,2794,2835,2918,2773,2827,2814,2835,2836,2864,2846,2822,2834,2874,2897,2815,2807,2875,2819,2808,2810,2812,2964,2811,2770,2851,2804,2827,2861,2872,2886,2793,2767,2855,2803,2880,2858,2761,2813,2876,2903,2805,2805,2844,2838,2798,2803,2738,2767,2791,2748,2862,2855,2928,2891,2844,2763,2917,2842,2787,2884,2873,2872,2891,2755,2919,2760,2839,2766,2829,2828,2902,2769,2912,2842,2831,2902,2857,2855,2797,2834,2794,2762,2882,2831,2888,2783,2810,2780,2813,2809,2803,2796,2804,2880,2816,2835,2736,2750,2792,2690
1320,786,2052,2055,2008,2059,2034,1953,2049,2040,1969,2120,1980,2098,2016,1966,2035,2012,1977,2010,2001,1878,1977,1968,1962,2027,1924,2052,2002,1990,2045,1959,1945,2042,1908,1997,1982,1999,1977,1996,1981,1971,2045,1964,2025,2048,2012,2048,1968,1994,2011,2023,2011,1944,2005,1959,1980,2012,2018,1964,2010,1980,2008,1911,1979,2139,2064,1943,2077,1994,1951,1968,2006,1983,1985,2010,1999,2018,1934,1996,2013,2054,2030,2030,2020,2013,2038,2000,1949,1987,2207,1968,2010,1993,1995,1997,2001,2002,2033,2023,2025,2023
1321,1629,3375,3391,3283,3350,3365,3233,3309,3387,3342,3417,3326,3354,3410,3386,3316,3330,3382,3345,3343,3289,3426,3329,3349,3289,3304,3327,3449,3424,3338,3353,3372,3344,3337,3466,3293,3303,3307,3339,3408,3324,3381,3392,3321,3292,3412,3311,3360,3310,3313,3357,3312,3326,3389,3347,3378,3374,3293,3452,3317,3297,3346,3357,3278,3375,3276,3317,3413,3352,3234,3397,3407,3326,3280,3427,3264,3306,3413,3303,3474,3428,3285,3325,3385,3434,3371,3416,3324,3360,3325,3275,3434,3389,3374,3348,3294,3264,3366,3310,3359,3349
1323,1579,4108,3966,4051,3922,3999,3915,3896,4042,4056,4084,4003,3856,4073,3859,3962,4037,3908,3917,4051,4016,3979,3994,4053,3925,3972,3943,3999,3939,3856,3888,4074,4031,3899,3976,3937,3914,4012,4025,3987,4056,3918,3969,3979,3987,4010,3868,3948,3917,3999,3981,4079,3954,3953,3995,3987,4005,4023,4041,4050,3843,4018,3945,3993,3944,4034,3905,3821,3910,3883,4122,4004,4059,3921,4060,3987,4031,3982,4066,3870,3962,4125,3961,4008,4031,4036,3987,4032,4077,4165,3925,3971,4028,3863,4043,3977,3938,3880,3970,3993,3934
1325,1530,2936,2899,2927,2875,2867,2859,2903,2994,3049,2834,2861,2949,2980,2850,2934,2907,2928,3004,2908,2897,2980,2928,2941,2975,2886,2978,2972,2846,2959,3000,2899,2875,2883,2856,2947,2892,2953,2885,2917,2855,2880,2961,2914,2831,2946,2912,2926,2903,2940,2871,2888,2879,2841,2955,2864,2975,3026,2971,2927,2895,2934,2936,2970,2912,2906,2866,2939,2860,2873,2973,2992,2878,2901,2916,2913,2935,2837,2948,2909,2881,2901,3003,3025,2830,2869,2956,2923,2927,2939,2919,2917,2895,2816,3046,2898,2885,2928,2857,2914,2790
1339,2206,690,653,711,717,713,705,701,694,671,677,705,675,622,682,674,662,626,689,704,685,744,666,682,735,692,709,699,703,725,692,727,717,678,673,688,690,691,650,678,713,681,724,704,716,704,688,687,694,664,710,690,733,703,737,693,648,639,704,739,722,709,708,664,696,738,676,671,713,661,732,633,692,697,678,705,701,707,701,700,654,714,722,674,689,716,680,699,712,749,703,659,708,764,687,726,700,724,713,689,677
1346,968,3001,3047,3050,3207,2952,3039,3048,3079,3048,3059,2959,3097,3129,3119,3126,3135,3064,3105,3057,3195,3063,3068,3077,3104,3096,3146,3119,3058,3078,2989,3164,3072,3018,3143,3024,3055,3173,3014,3033,3047,3101,3047,3149,3218,3105,3022,2987,3137,3078,3036,3131,3120,3098,3071,3009,3102,3108,3019,3080,3153,2996,3166,3150,3091,3138,3116,2989,3035,3143,3081,3102,3111,3122,3102,3072,3130,3090,3066,3075,3114,3081,2986,3093,2994,3073,3042,3079,3057,3052,3108,3240,3076,2999,3058,3041,3126,3231,2952,3125,3078
1359,1519,2920,2971,3008,2956,3054,2963,2908,2935,2887,3026,2847,2936,3009,2830,2961,2874,2883,2964,2911,3026,2923,2838,2874,3017,2927,2913,2997,2958,2973,2898,2939,2967,2899,2909,2970,2908,2945,2930,2979,2996,2978,3038,3047,2945,2959,2893,2950,3028,2936,2948,2951,2897,2916,2859,2979,2982,3065,3002,2968,2977,2911,3042,2965,2924,2940,2908,3004,3058,3044,2976,2927,2992,2999,2941,2898,3017,2927,2882,3019,3013,2991,2908,2897,2874,2995,2895,3006,2902,2984,2973,3027,2964,3003,3026,2927,2848,2985,2926,2946,2936
1382,1545,4108,4000,4041,4049,3900,4002,3992,3968,3970,3951,4185,4019,4031,3950,4062,4100,4067,3996,4219,4030,3938,3937,4023,4001,3951,4061,3846,4038,4100,3998,3999,3997,3974,4042,3955,3904,3993,3952,4038,4028,3931,3974,4016,3999,4036,3966,4075,3946,3910,3945,3883,3939,3958,3958,3918,4020,3915,3989,4024,3981,4030,4024,3976,3967,3931,4006,4040,4038,4036,4066,4016,3918,4032,4001,4000,4031,4013,4095,3921,4055,4015,4003,3986,3896,4053,3998,3972,3903,3945,3974,3966,4021,4087,4059,4042,4069,3986,4136,4106,3927
1393,1507,3345,3160,3252,3376,3163,3208,3215,3155,3202,3215,3152,3123,3240,3146,3165,3286,3188,3275,3146,3373,3180,3219,3241,3241,3224,3226,3175,3271,3217,3257,3136,3337,3330,3283,3301,3210,3230,3259,3210,3216,3216,3130,3339,3227,3248,3150,3231,3154,3200,3288,3204,3255,3180,3249,3178,3246,3203,3269,3187,3150,3268,3243,3165,3302,3163,3225,3286,3185,3235,3209,3259,3196,3217,3116,3216,3301,3160,3291,3199,3307,3187,3328,3202,3163,3142,3272,3179,3182,3209,3228,3183,3254,3221,3213,3240,3076,3289,3133,3206,3183
1408,850,2382,2322,2383,2414,2341,2382,2334,2327,2361,2460,2342,2420,2342,2536,2419,2476,2369,2269,2371,2303,2381,2353,2384,2330,2315,2399,2396,2465,2345,2358,2302,2291,2378,2453,2366,2395,2372,2427,2330,2334,2370,2386,2314,2365,2335,2411,2319,2336,2417,2375,2321,2377,2382,2420,2354,2400,2394,2328,2345,2333,2324,2309,2297,2412,2248,2303,2330,2338,2395,2391,2321,2266,2340,2416,2343,2327,2358,2405,2366,2420,2497,2311,2302,2443,2509,2365,2386,2326,2384,2345,2299,2322,2423,2411,2317,2324,2325,2381,2361,2339
1413,1226,524,487,516,499,528,585,523,522,534,555,480,540,490,521,469,519,470,549,533,591,494,504,503,516,496,560,510,513,495,479,496,497,493,530,533,509,513,521,501,532,555,494,538,450,563,477,462,513,499,463,512,530,525,495,500,489,539,458,474,520,547,522,507,487,552,509,496,526,521,548,523,504,515,512,554,511,502,562,483,503,571,514,523,511,531,531,510,504,522,518,529,515,521,525,504,526,502,513,537,541
1416,1584,3273,3370,3392,3304,3290,3361,3380,3398,3447,3388,3362,3423,3422,3293,3356,3401,3427,3467,3479,3415,3370,3311,3400,3391,3482,3483,3368,3419,3370,3371,3596,3503,3335,3527,3506,3373,3397,3264,3288,3344,3350,3436,3564,3415,3386,3411,3277,3499,3340,3365,3385,3437,3456,3355,3329,3387,3411,3407,3480,3561,3472,3316,3486,3469,3425,3321,3431,3254,3357,3479,3339,3314,3434,3336,3378,3374,3382,3356,3381,3296,3364,3387,3344,3353,3388,3321,3380,3384,3465,3374,3351,3333,3437,3304,3354,3414,3432,3388,3386,3519
1426,1697,2005,2006,1995,1994,1979,2017,2025,1990,1970,2012,2013,2055,2008,2044,2011,1993,2072,1994,2073,2015,2043,2007,2060,2040,2105,2028,1990,1986,1939,2064,2111,2062,2024,2027,2013,2012,2125,2039,2032,2045,1985,2070,2044,2004,2036,1970,2029,2046,2045,2059,1926,1992,2017,2050,2069,1933,2039,2101,2082,1962,1995,2019,2044,2045,2017,2020,2062,2052,1990,1952,2024,1989,2050,2049,2008,2041,2025,2093,2027,2031,2130,2095,2060,2033,1955,2082,1985,2068,1962,2023,2015,2063,2078,2061,2025,2038,1997,2158,2017,2084
1428,1016,732,751,747,776,706,751,762,727,761,796,748,793,759,735,785,699,768,729,767,775,768,738,749,755,814,736,768,814,758,747,776,771,758,726,754,777,753,783,738,750,744,791,756,733,760,671,817,767,745,778,795,737,696,798,742,830,746,741,769,717,788,782,787,741,799,813,770,742,728,754,741,759,722,762,770,708,710,734,745,790,726,756,750,757,755,767,745,694,763,747,793,729,753,743,761,832,756,759,804,753
1428,1496,3504,3492,3476,3413,3376,3478,3484,3415,3430,3562,3505,3512,3398,3495,3459,3512,3561,3446,3447,3499,3341,3447,3485,3506,3476,3479,3504,3370,3441,3464,3433,3400,3552,3540,3378,3499,3411,3431,3479,3503,3512,3390,3473,3491,3488,3513,3454,3499,3469,3393,3484,3436,3475,3498,3573,3527,3339,3368,3369,3435,3444,3474,3466,3461,3459,3410,3478,3494,3498,3502,3409,3499,3411,3423,3489,3425,3493,3521,3604,3517,3537,3455,3545,3451,3490,3452,3457,3398,3500,3466,3585,3461,3425,3439,3482,3572,3527,3505,3440,3427
1435,1198,1528,1556,1586,1612,1565,1501,1603,1616,1613,1613,1494,1636,1617,1579,1612,1531,1567,1543,1570,1584,1589,1573,1579,1550,1584,1561,1601,1553,1573,1632,1549,1593,1550,1562,1522,1577,1555,1572,1474,1605,1600,1564,1569,1566,1607,1578,1608,1588,1618,1541,1602,1593,1531,1609,1689,1588,1595,1534,1564,1526,1564,1532,1631,1657,1518,1467,1553,1585,1519,1591,1579,1607,1643,1601,1571,1595,1509,1535,1539,1616,1559,1594,1531,1573,1630,1609,1620,1603,1602,1554,1622,1528,1536,1470,1623,1593,1603,1558,1602,1632
1437,1764,1988,2072,1940,2000,2054,2072,1994,2069,2068,2028,2079,2074,2073,2018,2022,2087,1968,2040,2000,2039,2086,2023,1991,1970,1989,2043,2064,2039,2035,1973,2050,2023,1987,2039,1997,2017,2077,1987,2046,1908,2080,2062,2065,2078,2033,2040,2020,1920,1970,2029,2027,2091,1969,1915,1975,2000,2056,2011,2046,2065,1976,2002,2118,1966,2092,1991,2005,2024,2025,2003,2023,2073,2053,1982,2002,2047,2103,1990,2062,2098,2026,2013,2039,2085,2031,1995,1940,1990,2073,2020,2020,2035,2084,2080,2092,1996,2072,2042,1936,1985
1438,1358,1762,1728,1676,1745,1626,1753,1682,1678,1822,1710,1760,1826,1699,1705,1715,1757,1711,1782,1658,1688,1680,1738,1733,1777,1731,1729,1710,1734,1712,1690,1726,1705,1710,1763,1718,1727,1721,1663,1760,1737,1693,1680,1702,1766,1757,1678,1716,1732,1719,1722,1725,1716,1692,1699,1768,1686,1704,1741,1734,1716,1707,1733,1757,1734,1799,1745,1691,1639,1664,1744,1774,1746,1747,1749,1669,1671,1720,1745,1741,1652,1685,1710,1786,1724,1643,1639,1763,1741,1741,1733,1774,1715,1820,1694,1724,1658,1633,1710,1679,1742
1446,907,2798,2727,2842,2790,2852,2837,2720,2819,2776,2813,2724,2849,2813,2801,2870,2660,2733,2837,2870,2751,2811,2801,2780,2821,2778,2817,2806,2776,2788,2790,2874,2830,2763,2738,2834,2753,2837,2804,2801,2830,2742,2773,2815,2776,2776,2792,2881,2810,2727,2818,2835,2871,2891,2869,2774,2794,2824,2835,2803,2896,2860,2811,2887,2795,2747,2771,2827,2755,2841,2808,2812,2812,2817,2799,2867,2776,2835,2848,2820,2771,2816,2847,2764,2776,2912,2734,2849,2883,2786,2767,2822,2816,2819,2926,2749,2759,2863,2841,2816,2768
1450,1421,2301,2298,2269,2297,2407,2314,2382,2331,2365,2350,2316,2304,2313,2326,2271,2352,2245,2403,2340,2388,2347,2295,2333,2306,2306,2363,2394,2301,2318,2319,2306,2256,2362,2382,2373,2324,2370,2333,2342,2313,2286,2271,2336,2257,2345,2321,2314,2361,2362,2331,2300,2345,2428,2329,2295,2278,2263,2272,2295,2282,2252,2369,2257,2306,2268,2340,2360,2255,2285,2306,2288,2345,2323,2364,2354,2272,2375,2259,2267,2391,2292,2339,2395,2328,2370,2312,2352,2243,2360,2322,2352,2353,2375,2273,2242,2275,2292,2302,2409,2319
1459,925,3101,2952,3069,2998,3092,3062,3067,3043,3136,3070,3200,3071,3053,3118,3097,3129,3081,3085,3056,3121,3160,3044,3109,3071,3089,3068,2961,3110,3056,3163,3136,3094,3061,3007,3025,3162,3075,3114,3120,3104,3062,3141,3087,2986,3102,3128,3021,3054,3004,3105,3137,3091,3146,3121,3000,2990,3142,3001,3106,3111,3096,3105,3095,3129,3078,3000,3006,3021,3114,3080,3068,3126,2996,3094,3055,3058,3008,3120,2967,3153,3136,3108,3010,3129,3088,3118,3029,3232,3130,3138,3108,3107,3015,3112,3134,2961,3063,3088,3078,3046
1507,1381,3166,3099,3151,3135,3144,3218,3185,3177,3148,3112,3225,3138,3156,3195,3159,3083,3135,3217,3223,3097,3256,3079,3087,3224,3231,3155,3143,3142,3093,3075,3077,3136,3108,3164,3235,3042,3142,3104,3161,3091,3074,3114,3127,3236,3166,3166,3172,3182,3262,3192,3194,3218,3195,3145,3194,3191,3133,3142,3101,3147,3163,3187,3117,3175,3062,3219,3124,3235,3186,3269,3178,3133,3203,3129,3114,3129,3101,3275,3187,3236,3203,3160,3229,3102,3113,3175,3189,3105,3173,3182,3138,3064,3162,3072,3083,3331,3229,3151,3097,3192
1509,1484,3476,3500,3475,3497,3583,3495,3544,3525,3530,3539,3567,3608,3579,3505,3562,3570,3588,3546,3593,3546,3566,3525,3438,3630,3537,3578,3544,3573,3461,3437,3542,3533,3547,3452,3615,3546,3445,3588,3657,3486,3476,3561,3538,3548,3575,3570,3632,3618,3430,3546,3642,3535,3473,3523,3450,3521,3580,3547,3452,3535,3590,3597,3534,3464,3529,3563,3640,3649,3570,3527,3550,3398,3455,3578,3466,3514,3520,3734,3542,3534,3431,3458,3606,3579,3669,3492,3467,3601,3609,3604,3483,3397,3546,3336,3497,3553,3454,3568,3526,3486
1514,767,1774,1763,1765,1825,1811,1812,1850,1823,1898,1739,1783,1765,1835,1775,1815,1815,1830,1814,1869,1906,1813,1882,1775,1826,1808,1762,1842,1854,1747,1777,1837,1815,1794,1803,1831,1802,1812,1846,1906,1830,1804,1815,1790,1832,1830,1854,1799,1811,1816,1812,1843,1842,1775,1795,1786,1721,1797,1846,1857,1783,1793,1823,1838,1841,1850,1742,1777,1723,1782,1791,1800,1810,1734,1894,1761,1823,1804,1796,1853,1790,1763,1779,1873,1858,1737,1855,1820,1786,1759,1807,1798,1795,1852,1835,1853,1758,1778,1827,1821,1814
1520,1446,-225,-225,-225,-225,-225,-225,-225,-225,-225,-225,-225,-225,-225,-225,-225,-225,-225,-225,-225,-225,-225,-225,-225,-225,-225,-225,-225,-225,-225,-225,-225,-225,-225,-225,-225,-225,-225,-225,-225,-225,-225,-225,-225,-225,-225,-225,-225,-225,-225,-225,-225,-225,-225,-225,-225,-225,-225,-225,-225,-225,-225,-225,-225,-225,-225,-225,-225,-225,-225,-225,-225,-225,-225,-225,-225,-225,-225,-225,-225,-225,-225,-225,-225,-225,-225,-225,-225,-225,-225,-225,-225,-225,-225,-225,-225,-225,-225,-225,-225,-225
1549,1160,3643,3657,3670,3678,3620,3662,3648,3699,3763,3698,3727,3607,3684,3680,3693,3606,3688,3694,3596,3540,3476,3742,3695,3773,3720,3766,3627,3632,3592,3715,3583,3617,3619,3605,3731,3695,3704,3519,3774,3628,3710,3697,3593,3557,3662,3649,3682,3677,3668,3694,3663,3580,3666,3636,3654,3638,3697,3621,3689,3644,3727,3601,3720,3648,3693,3602,3760,3646,3630,3657,3621,3644,3613,3676,3666,3619,3657,3672,3680,3547,3572,3714,3690,3657,3604,3655,3599,3749,3608,3642,3631,3665,3652,3724,3706,3710,3589,3607,3484,3649
1553,1379,3721,3665,3579,3643,3677,3601,3644,3611,3606,3696,3734,3661,3661,3679,3626,3566,3656,3640,3718,3649,3723,3622,3663,3681,3668,3705,3747,3593,3684,3697,3683,3741,3630,3653,3701,3646,3641,3698,3638,3732,3593,3563,3663,3638,3625,3613,3546,3625,3578,3761,3711,3628,3716,3659,3650,3686,3558,3667,3545,3705,3683,3757,3558,3665,3620,3482,3648,3628,3617,3651,3657,3823,3731,3610,3583,3700,3564,3563,3535,3523,3608,3612,3557,3645,3550,3676,3693,3648,3744,3672,3655,3713,3621,3736,3726,3700,3781,3681,3605,3652
1570,1065,2993,3106,2922,2967,3024,2971,2983,2959,2964,2941,3027,2911,2869,2905,2970,2970,2986,2904,3060,2880,2947,2888,2938,2998,2955,2930,2973,2954,2957,2993,3012,2971,3022,3058,2879,3011,2965,3003,2941,3045,3007,3073,2954,2945,2921,2980,2994,2951,2963,2974,3014,2942,2955,3017,3009,3042,2989,3083,2964,2901,3012,2976,2951,2944,3087,2955,3038,2912,3015,2997,3009,2890,2962,2980,3046,2965,2983,3017,3056,2948,2945,3066,2877,2974,2941,2888,2895,2978,2981,2938,2966,2995,2857,3010,2928,2961,3030,3064,2961,2940
1593,1570,1780,1803,1808,1814,1894,1849,1767,1838,1769,1800,1814,1776,1776,1795,1718,1873,1749,1744,1798,1787,1830,1742,1804,1732,1820,1788,1782,1800,1819,1828,1782,1824,1861,1799,1800,1879,1827,1924,1804,1768,1802,1767,1750,1775,1817,1788,1759,1823,1846,1825,1741,1820,1739,1787,1746,1818,1820,1790,1708,1764,1739,1801,1807,1745,1793,1775,1704,1888,1754,1815,1774,1766,1755,1794,1821,1777,1776,1822,1874,1838,1762,1769,1826,1759,1875,1798,1784,1759,1783,1749,1806,1791,1785,1820,1802,1755,1741,1781,1699,1777
1605,973,1929,1997,1924,1888,1950,1960,1943,1917,1897,1903,1984,1909,1940,1934,2029,1976,1914,1995,1929,1999,1981,1943,1933,1942,1921,1941,2023,1884,1894,2072,1973,1912,1868,1951,2015,1964,1938,1994,1916,1908,1977,1865,1972,1904,1967,1989,1946,2068,1956,1957,1862,1945,1969,1902,1904,1974,1916,1950,1993,1985,1865,1951,1840,1975,1945,1987,1937,1885,1892,1945,1820,1904,1937,1967,1912,1933,1998,1992,1936,1974,1916,2051,1959,1928,1943,1980,1898,1848,1930,2042,1973,1894,1953,2005,1929,1914,1895,1875,2002,1929
1656,1159,2058,2204,2086,2153,2083,2148,2140,2124,2242,2059,2144,2059,2127,2089,2092,2110,2147,2112,2075,2109,2076,2205,2049,2122,2079,2050,2178,2068,2171,2113,2189,2189,2166,2067,2062,2069,2078,2124,2188,2130,2112,2114,2080,2149,2138,2128,2060,2126,2181,2142,2087,2130,2091,2078,2170,2147,2102,2137,2046,2094,2054,2069,2102,2059,2194,2077,2090,2178,2054,2159,2086,2109,2161,2162,2103,2196,2109,2060,2099,2089,2135,2137,2065,2064,2146,2129,2067,2097,2105,2116,2164,2102,2140,2103,2105,2128,2109,2133,2102,2211
1668,1111,1869,1957,1900,1824,2001,1986,1895,1799,1862,1887,1931,1957,1904,1914,1927,1981,1927,1908,2003,1858,1907,1893,1999,1923,1913,1899,1941,1903,1908,1882,1957,1856,1866,1904,1973,1883,1919,1963,1912,1890,1936,1937,1853,1940,1913,1929,1972,1844,1911,1882,1955,1930,1864,1835,1961,2003,1947,1933,1956,1977,1909,1953,1950,1944,1903,1914,1863,1890,2040,1915,1843,1956,1885,1953,1924,1962,1910,1915,1948,1952,2003,1910,1866,1948,2010,1990,1906,1943,1965,1923,1918,1879,1918,1874,1923,1874,1898,1928,1901,1907
1706,948,1636,1714,1694,1810,1684,1701,1719,1740,1708,1758,1726,1770,1756,1746,1601,1747,1737,1764,1789,1662,1739,1689,1656,1700,1706,1698,1686,1681,1736,1700,1636,1636,1662,1767,1740,1704,1685,1700,1640,1681,1657,1614,1734,1603,1691,1670,1663,1688,1692,1734,1706,1719,1738,1722,1679,1737,1655,1708,1673,1718,1731,1672,1699,1696,1723,1759,1660,1703,1722,1703,1697,1641,1791,1714,1660,1726,1753,1714,1672,1703,1710,1635,1728,1821,1692,1710,1675,1730,1675,1728,1691,1640,1733,1737,1720,1739,1702,1703,1679,1750
1747,1247,1393,1344,1408,1430,1375,1440,1387,1407,1416,1462,1359,1405,1481,1371,1426,1416,1482,1426,1383,1365,1412,1360,1403,1444,1481,1447,1407,1485,1408,1370,1394,1386,1403,1387,1392,1385,1402,1449,1385,1377,1401,1417,1423,1460,1364,1409,1407,1387,1453,1436,1466,1398,1332,1452,1442,1356,1496,1438,1386,1337,1364,1400,1377,1397,1413,1382,1293,1505,1437,1437,1404,1393,1393,1388,1359,1413,1460,1417,1425,1437,1427,1440,1435,1348,1435,1430,1449,1352,1398,1420,1325,1407,1414,1337,1375,1411,1365,1402,1408,1405
1760,50,345,329,339,347,312,338,351,348,321,328,328,325,338,307,316,322,341,308,318,310,284,307,341,341,349,329,365,339,381,317,328,333,353,329,336,317,343,323,350,371,295,348,342,335,327,384,321,344,338,306,365,360,336,342,357,332,323,338,346,341,314,316,357,349,312,305,310,304,377,350,366,317,304,353,347,334,342,322,329,352,308,335,333,326,320,334,312,342,336,324,306,344,305,341,301,323,336,345,341,324
1794,1450,259,285,333,250,276,294,310,273,265,283,277,312,263,293,277,255,311,288,283,257,281,245,298,267,303,295,313,277,268,298,278,272,274,268,276,306,272,267,308,304,286,278,274,269,272,249,265,287,266,274,254,268,276,256,300,296,288,285,289,273,258,323,249,251,268,252,268,277,278,292,290,305,256,307,285,251,278,290,268,280,320,293,337,318,297,285,287,260,287,276,259,282,301,270,282,297,269,322,292,307
2102,2308,276,241,230,254,272,283,254,260,249,262,270,257,262,244,262,257,258,278,249,232,222,236,249,262,258,267,251,255,233,241,244,261,246,250,240,226,262,243,261,296,255,230,277,274,246,251,240,235,229,263,257,250,241,272,242,252,238,238,242,253,279,238,240,286,275,254,241,225,251,237,248,247,249,257,289,246,245,238,269,261,282,283,233,253,271,259,291,229,249,262,265,249,242,232,265,242,270,268,239,249
2350,2275,172,169,163,196,190,162,190,183,214,177,196,165,189,177,187,183,177,180,198,165,185,207,180,190,207,196,194,187,173,182,181,186,178,175,173,224,205,194,181,196,173,178,175,200,180,206,183,183,184,183,184,192,190,175,188,205,180,162,176,193,180,204,204,170,192,176,188,153,194,177,169,169,195,182,184,194,181,155,174,190,191,183,187,198,180,192,184,179,185,175,176,182,184,186,178,183,191,177,199,173
2376,139,166,183,158,161,169,181,171,164,156,143,159,157,175,171,178,166,165,165,172,155,150,167,182,153,184,144,140,172,163,160,180,168,155,148,163,165,188,159,175,183,147,171,147,149,180,155,170,162,165,162,180,159,172,180,139,181,151,168,157,172,166,192,149,142,152,146,161,174,172,167,173,164,168,180,164,149,159,150,177,181,182,191,160,172,161,183,150,156,167,153,176,148,163,160,174,147,158,161,157,184
